,Unnamed: 0,LAU 1,LAU 2,Název obce,celkem,latitude,longitude,id,obec,Zeměpisná šířka,Zeměpisná délka,vzdalenost,cas_cesty,velikost_obce
0,430,CZ0321,566136.0,Brnířov,405.0,49.3825866,13.0495821,48342912,Domažlice,49.441922,12.92566,11.131235829721298,901,1
1,431,CZ0321,566136.0,Brnířov,405.0,49.3825866,13.0495821,48342939,Domažlice,49.444659,12.921506,11.55365401335889,967,1
2,432,CZ0321,566136.0,Brnířov,405.0,49.3825866,13.0495821,18230083,Domažlice,49.448316,12.933446,11.135534616325378,936,1
3,433,CZ0321,566136.0,Brnířov,405.0,49.3825866,13.0495821,76996,Klatovy,49.39138,13.299009,18.080485364720637,1487,1
4,434,CZ0321,566136.0,Brnířov,405.0,49.3825866,13.0495821,77143,Klatovy,49.401197,13.285167,17.175531849066715,1339,1
5,436,CZ0321,566136.0,Brnířov,405.0,49.3825866,13.0495821,77232,Klatovy,49.394499,13.295734,17.865582749643888,1377,1
6,437,CZ0321,566136.0,Brnířov,405.0,49.3825866,13.0495821,77313,Klatovy,49.390677,13.300219,18.16403031776506,1470,1
7,1243,CZ0325,559555.0,Úlice,481.0,49.760792,13.1481721,49778137,Plzeň,49.742957,13.334314,13.519242786186004,1145,1
8,1244,CZ0325,559555.0,Úlice,481.0,49.760792,13.1481721,574406,Plzeň,49.725431,13.363246,15.946698368978442,1490,1
9,1245,CZ0325,559555.0,Úlice,481.0,49.760792,13.1481721,49774301,Plzeň,49.732541,13.404855,18.708470039149,1712,1
10,1246,CZ0325,559555.0,Úlice,481.0,49.760792,13.1481721,49778099,Plzeň,49.741813,13.373587,16.33159943973334,1347,1
11,1247,CZ0325,559555.0,Úlice,481.0,49.760792,13.1481721,49778102,Plzeň,49.751505,13.413613,19.09633043239845,1577,1
12,1248,CZ0325,559555.0,Úlice,481.0,49.760792,13.1481721,49778145,Plzeň,49.739551,13.387443,17.35204018276396,1409,1
13,1249,CZ0325,559555.0,Úlice,481.0,49.760792,13.1481721,49778161,Plzeň,49.741232,13.372985,16.29730495505432,1284,1
14,1250,CZ0325,559555.0,Úlice,481.0,49.760792,13.1481721,520152,Plzeň,49.742189,13.366755,15.839430108388797,1204,1
15,1251,CZ0325,559555.0,Úlice,481.0,49.760792,13.1481721,49775961,Plzeň,49.770902,13.370677,16.02030678328939,1551,1
16,1252,CZ0325,559555.0,Úlice,481.0,49.760792,13.1481721,49776541,Plzeň,49.729175,13.371946,16.458735163512667,1414,1
17,1253,CZ0325,559555.0,Úlice,481.0,49.760792,13.1481721,110037545,Plzeň,49.758271,13.339468,13.743962815751289,1215,1
18,1254,CZ0325,559555.0,Úlice,481.0,49.760792,13.1481721,49777149,Plzeň,49.75016,13.37876,16.607030661137795,1231,1
19,1255,CZ0325,559555.0,Úlice,481.0,49.760792,13.1481721,49778064,Plzeň,49.73772,13.37167,16.261277240673877,1401,1
20,1257,CZ0325,559555.0,Úlice,481.0,49.760792,13.1481721,108005623,Plzeň,49.738348,13.396255,17.997736452352186,1516,1
21,1258,CZ0325,559555.0,Úlice,481.0,49.760792,13.1481721,108032060,Plasy,49.933261,13.381501,25.449573511776745,2595,1
22,1260,CZ0325,559555.0,Úlice,481.0,49.760792,13.1481721,102100675,Stříbro,49.759561,13.000928,10.577535641947849,1023,1
23,1261,CZ0325,559555.0,Úlice,481.0,49.760792,13.1481721,77348,Stříbro,49.754141,12.997562,10.844284269546476,961,1
24,1262,CZ0325,559555.0,Úlice,481.0,49.760792,13.1481721,523925,Plzeň,49.741343,13.375324,16.462216174371214,1310,1
25,1264,CZ0325,559555.0,Úlice,481.0,49.760792,13.1481721,110100549,Plzeň,49.76905,13.360222,15.257860229689229,1465,1
26,1265,CZ0325,559555.0,Úlice,481.0,49.760792,13.1481721,110100590,Plzeň,49.742957,13.334314,13.519242786186004,1145,1
27,1266,CZ0325,559555.0,Úlice,481.0,49.760792,13.1481721,181121379,Plzeň,49.745774,13.36506,15.670657124983888,1154,1
28,1755,CZ0327,541605.0,Brod nad Tichou,250.0,49.83560865,12.73091623825,478423,Mariánské Lázně,49.973212,12.701645,15.443751965938224,1352,1
29,1772,CZ0327,541605.0,Brod nad Tichou,250.0,49.83560865,12.73091623825,151011494,Mariánské Lázně,50.00406,12.702094,18.84428080983156,1654,1
30,2065,CZ0327,541605.0,Brod nad Tichou,250.0,49.83560865,12.73091623825,102100675,Stříbro,49.759561,13.000928,21.144657345643104,1582,1
31,2066,CZ0327,541605.0,Brod nad Tichou,250.0,49.83560865,12.73091623825,77348,Stříbro,49.754141,12.997562,21.175160074759663,1521,1
32,2068,CZ0327,541605.0,Brod nad Tichou,250.0,49.83560865,12.73091623825,520110,Tachov,49.802054,12.605744,9.724583940922232,1040,1
33,2845,CZ0321,553832.0,Křenovy,145.0,49.5395178,13.0219302,48342912,Domažlice,49.441922,12.92566,12.88879038764979,1030,1
34,2846,CZ0321,553832.0,Křenovy,145.0,49.5395178,13.0219302,48342939,Domažlice,49.444659,12.921506,12.801084319151766,1039,1
35,2847,CZ0321,553832.0,Křenovy,145.0,49.5395178,13.0219302,18230083,Domažlice,49.448316,12.933446,11.98686783559716,878,1
36,2848,CZ0321,553832.0,Křenovy,145.0,49.5395178,13.0219302,76996,Klatovy,49.39138,13.299009,25.928202463175275,2557,1
37,2849,CZ0321,553832.0,Křenovy,145.0,49.5395178,13.0219302,77143,Klatovy,49.401197,13.285167,24.461604649785983,2431,1
38,2851,CZ0321,553832.0,Křenovy,145.0,49.5395178,13.0219302,77232,Klatovy,49.394499,13.295734,25.524878912467734,2474,1
39,2852,CZ0321,553832.0,Křenovy,145.0,49.5395178,13.0219302,77313,Klatovy,49.390677,13.300219,26.04550408923785,2531,1
40,2870,CZ0321,553832.0,Křenovy,145.0,49.5395178,13.0219302,102100675,Stříbro,49.759561,13.000928,24.51439666540302,2104,1
41,2871,CZ0321,553832.0,Křenovy,145.0,49.5395178,13.0219302,77348,Stříbro,49.754141,12.997562,23.929448033123357,2044,1
42,3653,CZ0324,557722.0,Horšice,421.0,49.5314788,13.3869274,76996,Klatovy,49.39138,13.299009,16.824310289261156,1775,1
43,3654,CZ0324,557722.0,Horšice,421.0,49.5314788,13.3869274,77143,Klatovy,49.401197,13.285167,16.246275785616707,1671,1
44,3656,CZ0324,557722.0,Horšice,421.0,49.5314788,13.3869274,77232,Klatovy,49.394499,13.295734,16.596180744474648,1687,1
45,3657,CZ0324,557722.0,Horšice,421.0,49.5314788,13.3869274,77313,Klatovy,49.390677,13.300219,16.86404267015303,1749,1
46,3658,CZ0324,557722.0,Horšice,421.0,49.5314788,13.3869274,49778137,Plzeň,49.742957,13.334314,23.81860995207171,2076,1
47,3659,CZ0324,557722.0,Horšice,421.0,49.5314788,13.3869274,574406,Plzeň,49.725431,13.363246,21.6338745379219,1647,1
48,3660,CZ0324,557722.0,Horšice,421.0,49.5314788,13.3869274,49774301,Plzeň,49.732541,13.404855,22.394379127288808,1951,1
49,3661,CZ0324,557722.0,Horšice,421.0,49.5314788,13.3869274,49778099,Plzeň,49.741813,13.373587,23.40785044359293,1830,1
50,3662,CZ0324,557722.0,Horšice,421.0,49.5314788,13.3869274,49778102,Plzeň,49.751505,13.413613,24.5411726382589,2235,1
51,3663,CZ0324,557722.0,Horšice,421.0,49.5314788,13.3869274,49778145,Plzeň,49.739551,13.387443,23.13663476829207,1948,1
52,3664,CZ0324,557722.0,Horšice,421.0,49.5314788,13.3869274,49778161,Plzeň,49.741232,13.372985,23.34512526862749,1807,1
53,3665,CZ0324,557722.0,Horšice,421.0,49.5314788,13.3869274,520152,Plzeň,49.742189,13.366755,23.474928014744105,1829,1
54,3666,CZ0324,557722.0,Horšice,421.0,49.5314788,13.3869274,49775961,Plzeň,49.770902,13.370677,26.64837421935023,2242,1
55,3667,CZ0324,557722.0,Horšice,421.0,49.5314788,13.3869274,49776541,Plzeň,49.729175,13.371946,22.00930962686651,1654,1
56,3668,CZ0324,557722.0,Horšice,421.0,49.5314788,13.3869274,110037545,Plzeň,49.758271,13.339468,25.448639137459462,2075,1
57,3669,CZ0324,557722.0,Horšice,421.0,49.5314788,13.3869274,49777149,Plzeň,49.75016,13.37876,24.323384546404373,2009,1
58,3670,CZ0324,557722.0,Horšice,421.0,49.5314788,13.3869274,49778064,Plzeň,49.73772,13.37167,22.9593145369566,1768,1
59,3671,CZ0324,557722.0,Horšice,421.0,49.5314788,13.3869274,108005631,Blovice,49.582334,13.532377,11.918410025151374,1499,1
60,3672,CZ0324,557722.0,Horšice,421.0,49.5314788,13.3869274,108005623,Plzeň,49.738348,13.396255,23.012643317147035,2071,1
61,3674,CZ0324,557722.0,Horšice,421.0,49.5314788,13.3869274,479322,Rokycany,49.746143,13.600718,28.403638585952,2354,1
62,3677,CZ0324,557722.0,Horšice,421.0,49.5314788,13.3869274,523925,Plzeň,49.741343,13.375324,23.35082229412299,1833,1
63,3679,CZ0324,557722.0,Horšice,421.0,49.5314788,13.3869274,110100549,Plzeň,49.76905,13.360222,26.486619709502225,2273,1
64,3680,CZ0324,557722.0,Horšice,421.0,49.5314788,13.3869274,110100590,Plzeň,49.742957,13.334314,23.81860995207171,2076,1
65,3681,CZ0324,557722.0,Horšice,421.0,49.5314788,13.3869274,181121379,Plzeň,49.745774,13.36506,23.88054565980797,1879,1
66,4465,CZ0324,557773.0,Chlum,234.0,49.936067,13.660927,49774301,Plzeň,49.732541,13.404855,29.14555048846193,2744,1
67,4466,CZ0324,557773.0,Chlum,234.0,49.936067,13.660927,49778099,Plzeň,49.741813,13.373587,29.85264848553424,2941,1
68,4467,CZ0324,557773.0,Chlum,234.0,49.936067,13.660927,49778102,Plzeň,49.751505,13.413613,27.12314012866059,2585,1
69,4468,CZ0324,557773.0,Chlum,234.0,49.936067,13.660927,49778145,Plzeň,49.739551,13.387443,29.36262395424053,2774,1
70,4469,CZ0324,557773.0,Chlum,234.0,49.936067,13.660927,49778161,Plzeň,49.741232,13.372985,29.929281619717663,2926,1
71,4471,CZ0324,557773.0,Chlum,234.0,49.936067,13.660927,49775961,Plzeň,49.770902,13.370677,27.75416481509426,3065,1
72,4474,CZ0324,557773.0,Chlum,234.0,49.936067,13.660927,49777149,Plzeň,49.75016,13.37876,28.926188024456536,2764,1
73,4477,CZ0324,557773.0,Chlum,234.0,49.936067,13.660927,108005623,Plzeň,49.738348,13.396255,29.045599326221776,2813,1
74,4478,CZ0324,557773.0,Chlum,234.0,49.936067,13.660927,108032060,Plasy,49.933261,13.381501,20.0014738254884,2286,1
75,4479,CZ0324,557773.0,Chlum,234.0,49.936067,13.660927,479322,Rokycany,49.746143,13.600718,21.55545746119006,1798,1
76,4482,CZ0324,557773.0,Chlum,234.0,49.936067,13.660927,523925,Plzeň,49.741343,13.375324,29.80481426233349,2880,1
77,4484,CZ0324,557773.0,Chlum,234.0,49.936067,13.660927,110100549,Plzeň,49.76905,13.360222,28.454766290806276,3221,1
78,4486,CZ0324,557773.0,Chlum,234.0,49.936067,13.660927,181121379,Plzeň,49.745774,13.36506,29.96474650117037,2954,1
79,4622,CZ0324,557773.0,Chlum,234.0,49.936067,13.660927,47558407,Beroun,49.969317,14.069678,29.47689203981021,2666,1
80,4623,CZ0324,557773.0,Chlum,234.0,49.936067,13.660927,47558458,Hořovice,49.835236,13.906828,20.88258791221444,2207,1
81,4624,CZ0324,557773.0,Chlum,234.0,49.936067,13.660927,47558415,Beroun,49.961157,14.074402,29.715843425581152,2657,1
82,4625,CZ0324,557773.0,Chlum,234.0,49.936067,13.660927,47558504,Hořovice,49.836617,13.902164,20.51808969498068,2159,1
83,4672,CZ0324,557773.0,Chlum,234.0,49.936067,13.660927,69272,Rakovník,50.102083,13.737641,19.25664109011363,2156,1
84,4673,CZ0324,557773.0,Chlum,234.0,49.936067,13.660927,68951,Rakovník,50.104328,13.732979,19.405039738365307,2131,1
85,4674,CZ0324,557773.0,Chlum,234.0,49.936067,13.660927,68969,Nové Strašecí,50.152898,13.901215,29.592823109982355,3047,1
86,4675,CZ0324,557773.0,Chlum,234.0,49.936067,13.660927,107820218,Křivoklát,50.058465,13.895152,21.5761935280818,2468,1
87,4676,CZ0324,557773.0,Chlum,234.0,49.936067,13.660927,69167,Rakovník,50.102083,13.737641,19.25664109011363,2156,1
88,4677,CZ0324,557773.0,Chlum,234.0,49.936067,13.660927,110009487,Beroun,49.954371,14.050378,27.94183872027642,2527,1
89,4683,CZ0324,557773.0,Chlum,234.0,49.936067,13.660927,7820186,Rakovník,50.103607,13.720325,19.106854306717334,2105,1
90,4689,CZ0324,557773.0,Chlum,234.0,49.936067,13.660927,110012879,Beroun,49.961321,14.069959,29.40104853689307,2585,1
91,4858,CZ0322,556815.0,Nezdice na Šumavě,334.0,49.1732446,13.6121491,108004481,Vimperk,49.053406,13.772347,17.706528335585237,1687,1
92,4860,CZ0322,556815.0,Nezdice na Šumavě,334.0,49.1732446,13.6121491,60650443,Strakonice,49.265425,13.893624,22.86886271292869,2057,1
93,4876,CZ0322,556815.0,Nezdice na Šumavě,334.0,49.1732446,13.6121491,60650494,Volyně,49.1717,13.885104,19.843895801622857,1734,1
94,5265,CZ0322,556815.0,Nezdice na Šumavě,334.0,49.1732446,13.6121491,77003,Sušice,49.234701,13.521241,9.503651480947369,1000,1
95,5664,CZ0324,558095.0,Nekvasovy,169.0,49.434553,13.6257444,60650486,Blatná,49.426977,13.869082,17.61772285460315,1550,1
96,5665,CZ0324,558095.0,Nekvasovy,169.0,49.434553,13.6257444,60650443,Strakonice,49.265425,13.893624,27.022164139647312,2167,1
97,6068,CZ0324,558095.0,Nekvasovy,169.0,49.434553,13.6257444,76996,Klatovy,49.39138,13.299009,24.119820818671105,2082,1
98,6069,CZ0324,558095.0,Nekvasovy,169.0,49.434553,13.6257444,77143,Klatovy,49.401197,13.285167,24.913806773294887,2188,1
99,6070,CZ0324,558095.0,Nekvasovy,169.0,49.434553,13.6257444,77003,Sušice,49.234701,13.521241,23.477233646300927,2174,1
100,6071,CZ0324,558095.0,Nekvasovy,169.0,49.434553,13.6257444,77232,Klatovy,49.394499,13.295734,24.2853169580782,2095,1
101,6072,CZ0324,558095.0,Nekvasovy,169.0,49.434553,13.6257444,77313,Klatovy,49.390677,13.300219,24.04994363526983,2056,1
102,6086,CZ0324,558095.0,Nekvasovy,169.0,49.434553,13.6257444,108005631,Blovice,49.582334,13.532377,17.76159063619844,1576,1
103,6281,CZ0324,558095.0,Nekvasovy,169.0,49.434553,13.6257444,69264,Březnice,49.561728,13.94676,27.155689375089278,2483,1
104,6873,CZ0322,556343.0,Chlistov,142.0,49.319891,13.3608767,76996,Klatovy,49.39138,13.299009,9.125198420947289,725,1
105,6874,CZ0322,556343.0,Chlistov,142.0,49.319891,13.3608767,77143,Klatovy,49.401197,13.285167,10.57352938775179,915,1
106,6875,CZ0322,556343.0,Chlistov,142.0,49.319891,13.3608767,77003,Sušice,49.234701,13.521241,15.002262146394914,1290,1
107,6876,CZ0322,556343.0,Chlistov,142.0,49.319891,13.3608767,77232,Klatovy,49.394499,13.295734,9.543795518923831,768,1
108,6877,CZ0322,556343.0,Chlistov,142.0,49.319891,13.3608767,77313,Klatovy,49.390677,13.300219,9.01416230327334,708,1
109,7675,CZ0324,530131.0,Přestavlky,235.0,49.599671,13.245323,48342912,Domažlice,49.441922,12.92566,28.984943552010105,2439,1
110,7676,CZ0324,530131.0,Přestavlky,235.0,49.599671,13.245323,48342939,Domažlice,49.444659,12.921506,29.04204270365824,2464,1
111,7677,CZ0324,530131.0,Přestavlky,235.0,49.599671,13.245323,18230083,Domažlice,49.448316,12.933446,28.10698057571444,2303,1
112,7678,CZ0324,530131.0,Přestavlky,235.0,49.599671,13.245323,76996,Klatovy,49.39138,13.299009,23.4832354580152,1974,1
113,7679,CZ0324,530131.0,Přestavlky,235.0,49.599671,13.245323,77143,Klatovy,49.401197,13.285167,22.256109113779434,1864,1
114,7681,CZ0324,530131.0,Přestavlky,235.0,49.599671,13.245323,77232,Klatovy,49.394499,13.295734,23.10277755746532,1888,1
115,7682,CZ0324,530131.0,Přestavlky,235.0,49.599671,13.245323,77313,Klatovy,49.390677,13.300219,23.57488005066281,1948,1
116,7683,CZ0324,530131.0,Přestavlky,235.0,49.599671,13.245323,49778137,Plzeň,49.742957,13.334314,17.17154410854015,1681,1
117,7684,CZ0324,530131.0,Přestavlky,235.0,49.599671,13.245323,574406,Plzeň,49.725431,13.363246,16.358099197258767,1424,1
118,7685,CZ0324,530131.0,Přestavlky,235.0,49.599671,13.245323,49774301,Plzeň,49.732541,13.404855,18.711238660571244,1727,1
119,7686,CZ0324,530131.0,Přestavlky,235.0,49.599671,13.245323,49778099,Plzeň,49.741813,13.373587,18.303315794904844,1609,1
120,7687,CZ0324,530131.0,Přestavlky,235.0,49.599671,13.245323,49778102,Plzeň,49.751505,13.413613,20.776934035987487,2017,1
121,7688,CZ0324,530131.0,Přestavlky,235.0,49.599671,13.245323,49778145,Plzeň,49.739551,13.387443,18.615322009297817,1730,1
122,7689,CZ0324,530131.0,Přestavlky,235.0,49.599671,13.245323,49778161,Plzeň,49.741232,13.372985,18.2257093282159,1586,1
123,7690,CZ0324,530131.0,Přestavlky,235.0,49.599671,13.245323,520152,Plzeň,49.742189,13.366755,18.09695376734393,1604,1
124,7691,CZ0324,530131.0,Přestavlky,235.0,49.599671,13.245323,49775961,Plzeň,49.770902,13.370677,21.067756260383916,2031,1
125,7692,CZ0324,530131.0,Přestavlky,235.0,49.599671,13.245323,49776541,Plzeň,49.729175,13.371946,17.04169386436561,1429,1
126,7693,CZ0324,530131.0,Přestavlky,235.0,49.599671,13.245323,110037545,Plzeň,49.758271,13.339468,18.891712113785285,1851,1
127,7694,CZ0324,530131.0,Přestavlky,235.0,49.599671,13.245323,49777149,Plzeň,49.75016,13.37876,19.29267583779716,1791,1
128,7695,CZ0324,530131.0,Přestavlky,235.0,49.599671,13.245323,49778064,Plzeň,49.73772,13.37167,17.841271826877374,1544,1
129,7696,CZ0324,530131.0,Přestavlky,235.0,49.599671,13.245323,108005631,Blovice,49.582334,13.532377,20.780750058428723,1773,1
130,7697,CZ0324,530131.0,Přestavlky,235.0,49.599671,13.245323,108005623,Plzeň,49.738348,13.396255,18.861699200723148,1852,1
131,7700,CZ0324,530131.0,Přestavlky,235.0,49.599671,13.245323,102100675,Stříbro,49.759561,13.000928,25.00591406790912,2087,1
132,7701,CZ0324,530131.0,Přestavlky,235.0,49.599671,13.245323,77348,Stříbro,49.754141,12.997562,24.75561161451052,2027,1
133,7702,CZ0324,530131.0,Přestavlky,235.0,49.599671,13.245323,523925,Plzeň,49.741343,13.375324,18.321738220704862,1612,1
134,7704,CZ0324,530131.0,Přestavlky,235.0,49.599671,13.245323,110100549,Plzeň,49.76905,13.360222,20.56825642260667,2060,1
135,7705,CZ0324,530131.0,Přestavlky,235.0,49.599671,13.245323,110100590,Plzeň,49.742957,13.334314,17.17154410854015,1681,1
136,7706,CZ0324,530131.0,Přestavlky,235.0,49.599671,13.245323,181121379,Plzeň,49.745774,13.36506,18.38942057052789,1655,1
137,8488,CZ0325,559164.0,Líně,2791.0,49.6947189,13.2569297,49778137,Plzeň,49.742957,13.334314,7.727946922305604,644,2
138,8489,CZ0325,559164.0,Líně,2791.0,49.6947189,13.2569297,574406,Plzeň,49.725431,13.363246,8.37277492752263,840,2
139,8490,CZ0325,559164.0,Líně,2791.0,49.6947189,13.2569297,49774301,Plzeň,49.732541,13.404855,11.437092507117312,1224,2
140,8491,CZ0325,559164.0,Líně,2791.0,49.6947189,13.2569297,49778099,Plzeň,49.741813,13.373587,9.887418003051602,838,2
141,8492,CZ0325,559164.0,Líně,2791.0,49.6947189,13.2569297,49778102,Plzeň,49.751505,13.413613,12.912480033185949,1170,2
142,8493,CZ0325,559164.0,Líně,2791.0,49.6947189,13.2569297,49778145,Plzeň,49.739551,13.387443,10.625226272942903,951,2
143,8494,CZ0325,559164.0,Líně,2791.0,49.6947189,13.2569297,49778161,Plzeň,49.741232,13.372985,9.816585096912368,815,2
144,8495,CZ0325,559164.0,Líně,2791.0,49.6947189,13.2569297,520152,Plzeň,49.742189,13.366755,9.49751014542224,759,2
145,8496,CZ0325,559164.0,Líně,2791.0,49.6947189,13.2569297,49775961,Plzeň,49.770902,13.370677,11.772604142159246,1145,2
146,8497,CZ0325,559164.0,Líně,2791.0,49.6947189,13.2569297,49776541,Plzeň,49.729175,13.371946,9.114317702923104,762,2
147,8498,CZ0325,559164.0,Líně,2791.0,49.6947189,13.2569297,110037545,Plzeň,49.758271,13.339468,9.226987917283438,855,2
148,8499,CZ0325,559164.0,Líně,2791.0,49.6947189,13.2569297,49777149,Plzeň,49.75016,13.37876,10.710109815519646,822,2
149,8500,CZ0325,559164.0,Líně,2791.0,49.6947189,13.2569297,49778064,Plzeň,49.73772,13.37167,9.534913701645916,882,2
150,8501,CZ0325,559164.0,Líně,2791.0,49.6947189,13.2569297,108005631,Blovice,49.582334,13.532377,23.443535970398127,1862,2
151,8502,CZ0325,559164.0,Líně,2791.0,49.6947189,13.2569297,108005623,Plzeň,49.738348,13.396255,11.129807414851118,1074,2
152,8503,CZ0325,559164.0,Líně,2791.0,49.6947189,13.2569297,108032060,Plasy,49.933261,13.381501,27.99016565772384,2388,2
153,8504,CZ0325,559164.0,Líně,2791.0,49.6947189,13.2569297,479322,Rokycany,49.746143,13.600718,25.36763516282181,1530,2
154,8505,CZ0325,559164.0,Líně,2791.0,49.6947189,13.2569297,102100675,Stříbro,49.759561,13.000928,19.763445487264093,1603,2
155,8506,CZ0325,559164.0,Líně,2791.0,49.6947189,13.2569297,77348,Stříbro,49.754141,12.997562,19.78049243181636,1542,2
156,8507,CZ0325,559164.0,Líně,2791.0,49.6947189,13.2569297,523925,Plzeň,49.741343,13.375324,9.966311527348836,841,2
157,8509,CZ0325,559164.0,Líně,2791.0,49.6947189,13.2569297,110100549,Plzeň,49.76905,13.360222,11.109837766603984,1181,2
158,8510,CZ0325,559164.0,Líně,2791.0,49.6947189,13.2569297,110100590,Plzeň,49.742957,13.334314,7.727946922305604,644,2
159,8511,CZ0325,559164.0,Líně,2791.0,49.6947189,13.2569297,181121379,Plzeň,49.745774,13.36506,9.625801018406907,751,2
160,9293,CZ0324,558435.0,Štěnovice,2204.0,49.6705136,13.3996302,49778137,Plzeň,49.742957,13.334314,9.324661897522567,1175,2
161,9294,CZ0324,558435.0,Štěnovice,2204.0,49.6705136,13.3996302,574406,Plzeň,49.725431,13.363246,6.643629722209349,737,2
162,9295,CZ0324,558435.0,Štěnovice,2204.0,49.6705136,13.3996302,49774301,Plzeň,49.732541,13.404855,6.907369660882121,857,2
163,9296,CZ0324,558435.0,Štěnovice,2204.0,49.6705136,13.3996302,49778099,Plzeň,49.741813,13.373587,8.14633449357989,925,2
164,9297,CZ0324,558435.0,Štěnovice,2204.0,49.6705136,13.3996302,49778102,Plzeň,49.751505,13.413613,9.061793550439011,1207,2
165,9298,CZ0324,558435.0,Štěnovice,2204.0,49.6705136,13.3996302,49778145,Plzeň,49.739551,13.387443,7.726485494025677,990,2
166,9299,CZ0324,558435.0,Štěnovice,2204.0,49.6705136,13.3996302,49778161,Plzeň,49.741232,13.372985,8.093615948441634,902,2
167,9300,CZ0324,558435.0,Štěnovice,2204.0,49.6705136,13.3996302,520152,Plzeň,49.742189,13.366755,8.313179665832747,917,2
168,9301,CZ0324,558435.0,Štěnovice,2204.0,49.6705136,13.3996302,49775961,Plzeň,49.770902,13.370677,11.355091282051008,1354,2
169,9302,CZ0324,558435.0,Štěnovice,2204.0,49.6705136,13.3996302,49776541,Plzeň,49.729175,13.371946,6.819968288896896,733,2
170,9303,CZ0324,558435.0,Štěnovice,2204.0,49.6705136,13.3996302,110037545,Plzeň,49.758271,13.339468,10.67393395054611,1171,2
171,9304,CZ0324,558435.0,Štěnovice,2204.0,49.6705136,13.3996302,49777149,Plzeň,49.75016,13.37876,8.982528555227091,1110,2
172,9305,CZ0324,558435.0,Štěnovice,2204.0,49.6705136,13.3996302,49778064,Plzeň,49.73772,13.37167,7.738801398950708,790,2
173,9306,CZ0324,558435.0,Štěnovice,2204.0,49.6705136,13.3996302,108005631,Blovice,49.582334,13.532377,13.69541418059181,1179,2
174,9307,CZ0324,558435.0,Štěnovice,2204.0,49.6705136,13.3996302,108005623,Plzeň,49.738348,13.396255,7.546755813504443,1011,2
175,9308,CZ0324,558435.0,Štěnovice,2204.0,49.6705136,13.3996302,108032060,Plasy,49.933261,13.381501,29.245175452977723,2596,2
176,9309,CZ0324,558435.0,Štěnovice,2204.0,49.6705136,13.3996302,479322,Rokycany,49.746143,13.600718,16.727372483039414,1307,2
177,9312,CZ0324,558435.0,Štěnovice,2204.0,49.6705136,13.3996302,523925,Plzeň,49.741343,13.375324,8.067502570779281,928,2
178,9314,CZ0324,558435.0,Štěnovice,2204.0,49.6705136,13.3996302,110100549,Plzeň,49.76905,13.360222,11.317109651605287,1389,2
179,9315,CZ0324,558435.0,Štěnovice,2204.0,49.6705136,13.3996302,110100590,Plzeň,49.742957,13.334314,9.324661897522567,1175,2
180,9316,CZ0324,558435.0,Štěnovice,2204.0,49.6705136,13.3996302,181121379,Plzeň,49.745774,13.36506,8.729992163474286,972,2
181,10098,CZ0325,559679.0,Zruč-Senec,3411.0,49.8079668,13.4263189,49778137,Plzeň,49.742957,13.334314,9.793033945199602,1271,2
182,10099,CZ0325,559679.0,Zruč-Senec,3411.0,49.8079668,13.4263189,574406,Plzeň,49.725431,13.363246,10.234667934579369,1315,2
183,10100,CZ0325,559679.0,Zruč-Senec,3411.0,49.8079668,13.4263189,49774301,Plzeň,49.732541,13.404855,8.527453060866959,1177,2
184,10101,CZ0325,559679.0,Zruč-Senec,3411.0,49.8079668,13.4263189,49778099,Plzeň,49.741813,13.373587,8.273384592762774,991,2
185,10102,CZ0325,559679.0,Zruč-Senec,3411.0,49.8079668,13.4263189,49778102,Plzeň,49.751505,13.413613,6.3442123930414285,811,2
186,10103,CZ0325,559679.0,Zruč-Senec,3411.0,49.8079668,13.4263189,49778145,Plzeň,49.739551,13.387443,8.103558314027714,991,2
187,10104,CZ0325,559679.0,Zruč-Senec,3411.0,49.8079668,13.4263189,49778161,Plzeň,49.741232,13.372985,8.350625739317504,988,2
188,10105,CZ0325,559679.0,Zruč-Senec,3411.0,49.8079668,13.4263189,520152,Plzeň,49.742189,13.366755,8.472986994801577,1066,2
189,10106,CZ0325,559679.0,Zruč-Senec,3411.0,49.8079668,13.4263189,49775961,Plzeň,49.770902,13.370677,5.739446700895233,748,2
190,10107,CZ0325,559679.0,Zruč-Senec,3411.0,49.8079668,13.4263189,49776541,Plzeň,49.729175,13.371946,9.592103839375667,1210,2
191,10108,CZ0325,559679.0,Zruč-Senec,3411.0,49.8079668,13.4263189,110037545,Plzeň,49.758271,13.339468,8.331789623935132,1052,2
192,10109,CZ0325,559679.0,Zruč-Senec,3411.0,49.8079668,13.4263189,49777149,Plzeň,49.75016,13.37876,7.27861819999582,864,2
193,10110,CZ0325,559679.0,Zruč-Senec,3411.0,49.8079668,13.4263189,49778064,Plzeň,49.73772,13.37167,8.741539805708456,1045,2
194,10111,CZ0325,559679.0,Zruč-Senec,3411.0,49.8079668,13.4263189,108005631,Blovice,49.582334,13.532377,26.22334028831046,2327,2
195,10112,CZ0325,559679.0,Zruč-Senec,3411.0,49.8079668,13.4263189,108005623,Plzeň,49.738348,13.396255,8.036679852629982,1026,2
196,10113,CZ0325,559679.0,Zruč-Senec,3411.0,49.8079668,13.4263189,108032060,Plasy,49.933261,13.381501,14.297554467225892,1300,2
197,10114,CZ0325,559679.0,Zruč-Senec,3411.0,49.8079668,13.4263189,479322,Rokycany,49.746143,13.600718,14.28567476076712,1293,2
198,10117,CZ0325,559679.0,Zruč-Senec,3411.0,49.8079668,13.4263189,523925,Plzeň,49.741343,13.375324,8.263870610879156,1014,2
199,10119,CZ0325,559679.0,Zruč-Senec,3411.0,49.8079668,13.4263189,110100549,Plzeň,49.76905,13.360222,6.42192865110458,982,2
200,10120,CZ0325,559679.0,Zruč-Senec,3411.0,49.8079668,13.4263189,110100590,Plzeň,49.742957,13.334314,9.793033945199602,1271,2
201,10121,CZ0325,559679.0,Zruč-Senec,3411.0,49.8079668,13.4263189,181121379,Plzeň,49.745774,13.36506,8.195953260606364,1033,2
202,10898,CZ0324,557676.0,Dobřany,6169.0,49.6554407,13.2908386,76996,Klatovy,49.39138,13.299009,29.368172660899248,2490,2
203,10899,CZ0324,557676.0,Dobřany,6169.0,49.6554407,13.2908386,77143,Klatovy,49.401197,13.285167,28.27361192351276,2383,2
204,10901,CZ0324,557676.0,Dobřany,6169.0,49.6554407,13.2908386,77232,Klatovy,49.394499,13.295734,29.017584631987532,2407,2
205,10902,CZ0324,557676.0,Dobřany,6169.0,49.6554407,13.2908386,77313,Klatovy,49.390677,13.300219,29.448205850741804,2464,2
206,10903,CZ0324,557676.0,Dobřany,6169.0,49.6554407,13.2908386,49778137,Plzeň,49.742957,13.334314,10.221381275257633,1299,2
207,10904,CZ0324,557676.0,Dobřany,6169.0,49.6554407,13.2908386,574406,Plzeň,49.725431,13.363246,9.364695236028236,861,2
208,10905,CZ0324,557676.0,Dobřany,6169.0,49.6554407,13.2908386,49774301,Plzeň,49.732541,13.404855,11.864086920796368,1170,2
209,10906,CZ0324,557676.0,Dobřany,6169.0,49.6554407,13.2908386,49778099,Plzeň,49.741813,13.373587,11.298651942290238,1049,2
210,10907,CZ0324,557676.0,Dobřany,6169.0,49.6554407,13.2908386,49778102,Plzeň,49.751505,13.413613,13.8585228954862,1468,2
211,10908,CZ0324,557676.0,Dobřany,6169.0,49.6554407,13.2908386,49778145,Plzeň,49.739551,13.387443,11.65111868437198,1175,2
212,10909,CZ0324,557676.0,Dobřany,6169.0,49.6554407,13.2908386,49778161,Plzeň,49.741232,13.372985,11.220949283126554,1026,2
213,10910,CZ0324,557676.0,Dobřany,6169.0,49.6554407,13.2908386,520152,Plzeň,49.742189,13.366755,11.084082790598115,1041,2
214,10911,CZ0324,557676.0,Dobřany,6169.0,49.6554407,13.2908386,49775961,Plzeň,49.770902,13.370677,14.063611849621427,1476,2
215,10912,CZ0324,557676.0,Dobřany,6169.0,49.6554407,13.2908386,49776541,Plzeň,49.729175,13.371946,10.06276075888551,866,2
216,10913,CZ0324,557676.0,Dobřany,6169.0,49.6554407,13.2908386,110037545,Plzeň,49.758271,13.339468,11.95700359044328,1295,2
217,10914,CZ0324,557676.0,Dobřany,6169.0,49.6554407,13.2908386,49777149,Plzeň,49.75016,13.37876,12.284508289165036,1234,2
218,10915,CZ0324,557676.0,Dobřany,6169.0,49.6554407,13.2908386,49778064,Plzeň,49.73772,13.37167,10.839986402118084,984,2
219,10916,CZ0324,557676.0,Dobřany,6169.0,49.6554407,13.2908386,108005631,Blovice,49.582334,13.532377,19.20560487713608,1769,2
220,10917,CZ0324,557676.0,Dobřany,6169.0,49.6554407,13.2908386,108005623,Plzeň,49.738348,13.396255,11.93627727298277,1298,2
221,10919,CZ0324,557676.0,Dobřany,6169.0,49.6554407,13.2908386,479322,Rokycany,49.746143,13.600718,24.46201071388744,1577,2
222,10920,CZ0324,557676.0,Dobřany,6169.0,49.6554407,13.2908386,102100675,Stříbro,49.759561,13.000928,23.846236207631407,2123,2
223,10921,CZ0324,557676.0,Dobřany,6169.0,49.6554407,13.2908386,77348,Stříbro,49.754141,12.997562,23.77501018758989,2063,2
224,10922,CZ0324,557676.0,Dobřany,6169.0,49.6554407,13.2908386,523925,Plzeň,49.741343,13.375324,11.320837890172688,1052,2
225,10924,CZ0324,557676.0,Dobřany,6169.0,49.6554407,13.2908386,110100549,Plzeň,49.76905,13.360222,13.582174041829491,1511,2
226,10925,CZ0324,557676.0,Dobřany,6169.0,49.6554407,13.2908386,110100590,Plzeň,49.742957,13.334314,10.221381275257633,1299,2
227,10926,CZ0324,557676.0,Dobřany,6169.0,49.6554407,13.2908386,181121379,Plzeň,49.745774,13.36506,11.37487440796841,1096,2
228,11700,CZ0324,558389.0,Stod,3578.0,49.6390886,13.1647362,48342912,Domažlice,49.441922,12.92566,27.89703504140844,1904,2
229,11701,CZ0324,558389.0,Stod,3578.0,49.6390886,13.1647362,48342939,Domažlice,49.444659,12.921506,27.846118057261943,1914,2
230,11702,CZ0324,558389.0,Stod,3578.0,49.6390886,13.1647362,18230083,Domažlice,49.448316,12.933446,26.990209285082774,1753,2
231,11703,CZ0324,558389.0,Stod,3578.0,49.6390886,13.1647362,76996,Klatovy,49.39138,13.299009,29.199911245462488,2364,2
232,11704,CZ0324,558389.0,Stod,3578.0,49.6390886,13.1647362,77143,Klatovy,49.401197,13.285167,27.844253979651373,2256,2
233,11706,CZ0324,558389.0,Stod,3578.0,49.6390886,13.1647362,77232,Klatovy,49.394499,13.295734,28.794377217082427,2280,2
234,11707,CZ0324,558389.0,Stod,3578.0,49.6390886,13.1647362,77313,Klatovy,49.390677,13.300219,29.302724745916706,2338,2
235,11708,CZ0324,558389.0,Stod,3578.0,49.6390886,13.1647362,49778137,Plzeň,49.742957,13.334314,16.79856672751843,1308,2
236,11709,CZ0324,558389.0,Stod,3578.0,49.6390886,13.1647362,574406,Plzeň,49.725431,13.363246,17.20905788639365,1502,2
237,11710,CZ0324,558389.0,Stod,3578.0,49.6390886,13.1647362,49774301,Plzeň,49.732541,13.404855,20.15898413994452,1879,2
238,11711,CZ0324,558389.0,Stod,3578.0,49.6390886,13.1647362,49778099,Plzeň,49.741813,13.373587,18.872637661025863,1502,2
239,11712,CZ0324,558389.0,Stod,3578.0,49.6390886,13.1647362,49778102,Plzeň,49.751505,13.413613,21.833359963600092,1829,2
240,11713,CZ0324,558389.0,Stod,3578.0,49.6390886,13.1647362,49778145,Plzeň,49.739551,13.387443,19.530676091918394,1615,2
241,11714,CZ0324,558389.0,Stod,3578.0,49.6390886,13.1647362,49778161,Plzeň,49.741232,13.372985,18.79915293307172,1479,2
242,11715,CZ0324,558389.0,Stod,3578.0,49.6390886,13.1647362,520152,Plzeň,49.742189,13.366755,18.50963545440138,1423,2
243,11716,CZ0324,558389.0,Stod,3578.0,49.6390886,13.1647362,49775961,Plzeň,49.770902,13.370677,20.83637392122571,1803,2
244,11717,CZ0324,558389.0,Stod,3578.0,49.6390886,13.1647362,49776541,Plzeň,49.729175,13.371946,17.96030767668317,1425,2
245,11718,CZ0324,558389.0,Stod,3578.0,49.6390886,13.1647362,110037545,Plzeň,49.758271,13.339468,18.26358153540443,1516,2
246,11719,CZ0324,558389.0,Stod,3578.0,49.6390886,13.1647362,49777149,Plzeň,49.75016,13.37876,19.73625773101172,1483,2
247,11720,CZ0324,558389.0,Stod,3578.0,49.6390886,13.1647362,49778064,Plzeň,49.73772,13.37167,18.49001620828969,1540,2
248,11721,CZ0324,558389.0,Stod,3578.0,49.6390886,13.1647362,108005631,Blovice,49.582334,13.532377,27.23056803867281,2483,2
249,11722,CZ0324,558389.0,Stod,3578.0,49.6390886,13.1647362,108005623,Plzeň,49.738348,13.396255,19.97988963527684,1737,2
250,11725,CZ0324,558389.0,Stod,3578.0,49.6390886,13.1647362,102100675,Stříbro,49.759561,13.000928,17.83950859643679,1356,2
251,11726,CZ0324,558389.0,Stod,3578.0,49.6390886,13.1647362,77348,Stříbro,49.754141,12.997562,17.556858969472934,1294,2
252,11727,CZ0324,558389.0,Stod,3578.0,49.6390886,13.1647362,523925,Plzeň,49.741343,13.375324,18.94089329528738,1505,2
253,11729,CZ0324,558389.0,Stod,3578.0,49.6390886,13.1647362,110100549,Plzeň,49.76905,13.360222,20.16094868953727,1835,2
254,11730,CZ0324,558389.0,Stod,3578.0,49.6390886,13.1647362,110100590,Plzeň,49.742957,13.334314,16.79856672751843,1308,2
255,11731,CZ0324,558389.0,Stod,3578.0,49.6390886,13.1647362,181121379,Plzeň,49.745774,13.36506,18.6644435584831,1413,2
256,12517,CZ0326,560260.0,Zbiroh,2508.0,49.855333,13.777154892177,49778102,Plzeň,49.751505,13.413613,28.530443264463194,2034,2
257,12528,CZ0326,560260.0,Zbiroh,2508.0,49.855333,13.777154892177,108032060,Plasy,49.933261,13.381501,29.636452731980985,2839,2
258,12529,CZ0326,560260.0,Zbiroh,2508.0,49.855333,13.777154892177,479322,Rokycany,49.746143,13.600718,17.543211263008164,1495,2
259,12672,CZ0326,560260.0,Zbiroh,2508.0,49.855333,13.777154892177,47558407,Beroun,49.969317,14.069678,24.48226771261487,1617,2
260,12673,CZ0326,560260.0,Zbiroh,2508.0,49.855333,13.777154892177,47558458,Hořovice,49.835236,13.906828,9.562922186408642,1013,2
261,12674,CZ0326,560260.0,Zbiroh,2508.0,49.855333,13.777154892177,47558415,Beroun,49.961157,14.074402,24.322130567542068,1603,2
262,12675,CZ0326,560260.0,Zbiroh,2508.0,49.855333,13.777154892177,47558504,Hořovice,49.836617,13.902164,9.202017635615872,965,2
263,12716,CZ0326,560260.0,Zbiroh,2508.0,49.855333,13.777154892177,68934,Dobříš,49.779471,14.17405,29.698735874874476,2659,2
264,12717,CZ0326,560260.0,Zbiroh,2508.0,49.855333,13.777154892177,69108,Příbram,49.687616,14.019259,25.49675077242224,2701,2
265,12718,CZ0326,560260.0,Zbiroh,2508.0,49.855333,13.777154892177,69159,Příbram,49.689924,14.009939,24.85435544587021,2755,2
266,12719,CZ0326,560260.0,Zbiroh,2508.0,49.855333,13.777154892177,68926,Příbram,49.682663,14.00345,25.154878282995213,2918,2
267,12722,CZ0326,560260.0,Zbiroh,2508.0,49.855333,13.777154892177,69272,Rakovník,50.102083,13.737641,27.582485968984336,2913,2
268,12723,CZ0326,560260.0,Zbiroh,2508.0,49.855333,13.777154892177,68951,Rakovník,50.104328,13.732979,27.86662667891669,2890,2
269,12725,CZ0326,560260.0,Zbiroh,2508.0,49.855333,13.777154892177,107820218,Křivoklát,50.058465,13.895152,24.113101705520755,1995,2
270,12726,CZ0326,560260.0,Zbiroh,2508.0,49.855333,13.777154892177,69167,Rakovník,50.102083,13.737641,27.582485968984336,2913,2
271,12727,CZ0326,560260.0,Zbiroh,2508.0,49.855333,13.777154892177,110009487,Beroun,49.954371,14.050378,22.45328844241698,1577,2
272,12730,CZ0326,560260.0,Zbiroh,2508.0,49.855333,13.777154892177,110031105,Příbram,49.689986,14.01295,24.995219593557906,2666,2
273,12733,CZ0326,560260.0,Zbiroh,2508.0,49.855333,13.777154892177,7820186,Rakovník,50.103607,13.720325,27.904319715322764,2786,2
274,12739,CZ0326,560260.0,Zbiroh,2508.0,49.855333,13.777154892177,110012879,Beroun,49.961321,14.069959,24.05306917293425,1529,2
275,13310,CZ0321,554294.0,Staňkov,3328.0,49.544093,13.109617,48342912,Domažlice,49.441922,12.92566,17.481397897607582,1562,2
276,13311,CZ0321,554294.0,Staňkov,3328.0,49.544093,13.109617,48342939,Domažlice,49.444659,12.921506,17.51653348517861,1572,2
277,13312,CZ0321,554294.0,Staňkov,3328.0,49.544093,13.109617,18230083,Domažlice,49.448316,12.933446,16.592223505727045,1411,2
278,13313,CZ0321,554294.0,Staňkov,3328.0,49.544093,13.109617,76996,Klatovy,49.39138,13.299009,21.80961126013687,2063,2
279,13314,CZ0321,554294.0,Staňkov,3328.0,49.544093,13.109617,77143,Klatovy,49.401197,13.285167,20.331429156435107,1952,2
280,13316,CZ0321,554294.0,Staňkov,3328.0,49.544093,13.109617,77232,Klatovy,49.394499,13.295734,21.390827064634248,1977,2
281,13317,CZ0321,554294.0,Staňkov,3328.0,49.544093,13.109617,77313,Klatovy,49.390677,13.300219,21.925413967944383,2037,2
282,13318,CZ0321,554294.0,Staňkov,3328.0,49.544093,13.109617,49778137,Plzeň,49.742957,13.334314,27.399419982214443,2331,2
283,13319,CZ0321,554294.0,Staňkov,3328.0,49.544093,13.109617,574406,Plzeň,49.725431,13.363246,27.206745608053144,2106,2
284,13320,CZ0321,554294.0,Staňkov,3328.0,49.544093,13.109617,49774301,Plzeň,49.732541,13.404855,29.85118317437673,2411,2
285,13321,CZ0321,554294.0,Staňkov,3328.0,49.544093,13.109617,49778099,Plzeň,49.741813,13.373587,29.06241785455129,2283,2
286,13323,CZ0321,554294.0,Staňkov,3328.0,49.544093,13.109617,49778145,Plzeň,49.739551,13.387443,29.539254389172783,2397,2
287,13324,CZ0321,554294.0,Staňkov,3328.0,49.544093,13.109617,49778161,Plzeň,49.741232,13.372985,28.985272283028092,2260,2
288,13325,CZ0321,554294.0,Staňkov,3328.0,49.544093,13.109617,520152,Plzeň,49.742189,13.366755,28.775049125262232,2287,2
289,13327,CZ0321,554294.0,Staňkov,3328.0,49.544093,13.109617,49776541,Plzeň,49.729175,13.371946,27.93604135684299,2113,2
290,13328,CZ0321,554294.0,Staňkov,3328.0,49.544093,13.109617,110037545,Plzeň,49.758271,13.339468,28.99993407895374,2528,2
291,13330,CZ0321,554294.0,Staňkov,3328.0,49.544093,13.109617,49778064,Plzeň,49.73772,13.37167,28.629025168133243,2222,2
292,13332,CZ0321,554294.0,Staňkov,3328.0,49.544093,13.109617,108005623,Plzeň,49.738348,13.396255,29.875925887641674,2519,2
293,13335,CZ0321,554294.0,Staňkov,3328.0,49.544093,13.109617,102100675,Stříbro,49.759561,13.000928,25.204314043519428,2301,2
294,13336,CZ0321,554294.0,Staňkov,3328.0,49.544093,13.109617,77348,Stříbro,49.754141,12.997562,24.71031617080372,2242,2
295,13337,CZ0321,554294.0,Staňkov,3328.0,49.544093,13.109617,523925,Plzeň,49.741343,13.375324,29.105024806143184,2286,2
296,13340,CZ0321,554294.0,Staňkov,3328.0,49.544093,13.109617,110100590,Plzeň,49.742957,13.334314,27.399419982214443,2331,2
297,13341,CZ0321,554294.0,Staňkov,3328.0,49.544093,13.109617,181121379,Plzeň,49.745774,13.36506,29.003355229426948,2336,2
298,14123,CZ0326,559997.0,Mirošov,2274.0,49.68739,13.664822,49778137,Plzeň,49.742957,13.334314,24.55280277666211,2079,2
299,14124,CZ0326,559997.0,Mirošov,2274.0,49.68739,13.664822,574406,Plzeň,49.725431,13.363246,22.09510060483167,1870,2
300,14125,CZ0326,559997.0,Mirošov,2274.0,49.68739,13.664822,49774301,Plzeň,49.732541,13.404855,19.35541455011912,1586,2
301,14126,CZ0326,559997.0,Mirošov,2274.0,49.68739,13.664822,49778099,Plzeň,49.741813,13.373587,21.796197625174266,1788,2
302,14127,CZ0326,559997.0,Mirošov,2274.0,49.68739,13.664822,49778102,Plzeň,49.751505,13.413613,19.415923045929027,1470,2
303,14128,CZ0326,559997.0,Mirošov,2274.0,49.68739,13.664822,49778145,Plzeň,49.739551,13.387443,20.769786851828226,1658,2
304,14129,CZ0326,559997.0,Mirošov,2274.0,49.68739,13.664822,49778161,Plzeň,49.741232,13.372985,21.82008814418719,1815,2
305,14130,CZ0326,559997.0,Mirošov,2274.0,49.68739,13.664822,520152,Plzeň,49.742189,13.366755,22.27982904482073,1867,2
306,14131,CZ0326,559997.0,Mirošov,2274.0,49.68739,13.664822,49775961,Plzeň,49.770902,13.370677,23.091609897962112,2029,2
307,14132,CZ0326,559997.0,Mirošov,2274.0,49.68739,13.664822,49776541,Plzeň,49.729175,13.371946,21.56643499132224,1839,2
308,14133,CZ0326,559997.0,Mirošov,2274.0,49.68739,13.664822,110037545,Plzeň,49.758271,13.339468,24.68069088544055,1945,2
309,14134,CZ0326,559997.0,Mirošov,2274.0,49.68739,13.664822,49777149,Plzeň,49.75016,13.37876,21.717709403409906,1643,2
310,14135,CZ0326,559997.0,Mirošov,2274.0,49.68739,13.664822,49778064,Plzeň,49.73772,13.37167,21.80828945930716,1801,2
311,14136,CZ0326,559997.0,Mirošov,2274.0,49.68739,13.664822,108005631,Blovice,49.582334,13.532377,15.081087665305173,1340,2
312,14137,CZ0326,559997.0,Mirošov,2274.0,49.68739,13.664822,108005623,Plzeň,49.738348,13.396255,20.12434452583863,1671,2
313,14139,CZ0326,559997.0,Mirošov,2274.0,49.68739,13.664822,479322,Rokycany,49.746143,13.600718,7.99508066682262,766,2
314,14142,CZ0326,559997.0,Mirošov,2274.0,49.68739,13.664822,523925,Plzeň,49.741343,13.375324,21.66181299424312,1761,2
315,14144,CZ0326,559997.0,Mirošov,2274.0,49.68739,13.664822,110100549,Plzeň,49.76905,13.360222,23.702290187417866,2123,2
316,14145,CZ0326,559997.0,Mirošov,2274.0,49.68739,13.664822,110100590,Plzeň,49.742957,13.334314,24.55280277666211,2079,2
317,14146,CZ0326,559997.0,Mirošov,2274.0,49.68739,13.664822,181121379,Plzeň,49.745774,13.36506,22.50803399026822,1844,2
318,14283,CZ0326,559997.0,Mirošov,2274.0,49.68739,13.664822,47558458,Hořovice,49.835236,13.906828,23.92561354285131,2128,2
319,14285,CZ0326,559997.0,Mirošov,2274.0,49.68739,13.664822,47558504,Hořovice,49.836617,13.902164,23.790008862353595,2080,2
320,14327,CZ0326,559997.0,Mirošov,2274.0,49.68739,13.664822,69108,Příbram,49.687616,14.019259,25.49759704247635,2868,2
321,14328,CZ0326,559997.0,Mirošov,2274.0,49.68739,13.664822,69159,Příbram,49.689924,14.009939,24.82813069750065,2756,2
322,14329,CZ0326,559997.0,Mirošov,2274.0,49.68739,13.664822,68926,Příbram,49.682663,14.00345,24.367225136853385,2619,2
323,14331,CZ0326,559997.0,Mirošov,2274.0,49.68739,13.664822,69264,Březnice,49.561728,13.94676,24.651053075383672,1863,2
324,14340,CZ0326,559997.0,Mirošov,2274.0,49.68739,13.664822,110031105,Příbram,49.689986,14.01295,25.04478002438435,2777,2
325,14643,CZ0325,559075.0,Kralovice,3460.0,49.9821441,13.4867337,77305,Žlutice,50.096444,13.160038,26.5685380200632,2322,2
326,14928,CZ0325,559075.0,Kralovice,3460.0,49.9821441,13.4867337,49778137,Plzeň,49.742957,13.334314,28.75292911697572,2623,2
327,14929,CZ0325,559075.0,Kralovice,3460.0,49.9821441,13.4867337,574406,Plzeň,49.725431,13.363246,29.88656227311245,2654,2
328,14930,CZ0325,559075.0,Kralovice,3460.0,49.9821441,13.4867337,49774301,Plzeň,49.732541,13.404855,28.36850230305258,2785,2
329,14931,CZ0325,559075.0,Kralovice,3460.0,49.9821441,13.4867337,49778099,Plzeň,49.741813,13.373587,27.927221691240568,2356,2
330,14932,CZ0325,559075.0,Kralovice,3460.0,49.9821441,13.4867337,49778102,Plzeň,49.751505,13.413613,26.175927396588687,2403,2
331,14933,CZ0325,559075.0,Kralovice,3460.0,49.9821441,13.4867337,49778145,Plzeň,49.739551,13.387443,27.89829454692144,2479,2
332,14934,CZ0325,559075.0,Kralovice,3460.0,49.9821441,13.4867337,49778161,Plzeň,49.741232,13.372985,28.0015964949932,2352,2
333,14935,CZ0325,559075.0,Kralovice,3460.0,49.9821441,13.4867337,520152,Plzeň,49.742189,13.366755,28.03354371589286,2428,2
334,14936,CZ0325,559075.0,Kralovice,3460.0,49.9821441,13.4867337,49775961,Plzeň,49.770902,13.370677,24.917852122528416,2100,2
335,14937,CZ0325,559075.0,Kralovice,3460.0,49.9821441,13.4867337,49776541,Plzeň,49.729175,13.371946,29.307892346673714,2555,2
336,14938,CZ0325,559075.0,Kralovice,3460.0,49.9821441,13.4867337,110037545,Plzeň,49.758271,13.339468,27.038502196397424,2490,2
337,14939,CZ0325,559075.0,Kralovice,3460.0,49.9821441,13.4867337,49777149,Plzeň,49.75016,13.37876,26.93133738860108,2338,2
338,14940,CZ0325,559075.0,Kralovice,3460.0,49.9821441,13.4867337,49778064,Plzeň,49.73772,13.37167,28.402734747383896,2405,2
339,14942,CZ0325,559075.0,Kralovice,3460.0,49.9821441,13.4867337,108005623,Plzeň,49.738348,13.396255,27.873970863332797,2589,2
340,14943,CZ0325,559075.0,Kralovice,3460.0,49.9821441,13.4867337,108032060,Plasy,49.933261,13.381501,9.285344930252654,854,2
341,14944,CZ0325,559075.0,Kralovice,3460.0,49.9821441,13.4867337,479322,Rokycany,49.746143,13.600718,27.48453247035172,2179,2
342,14947,CZ0325,559075.0,Kralovice,3460.0,49.9821441,13.4867337,523925,Plzeň,49.741343,13.375324,27.941406982679094,2378,2
343,14949,CZ0325,559075.0,Kralovice,3460.0,49.9821441,13.4867337,110100549,Plzeň,49.76905,13.360222,25.37009205726764,2330,2
344,14950,CZ0325,559075.0,Kralovice,3460.0,49.9821441,13.4867337,110100590,Plzeň,49.742957,13.334314,28.75292911697572,2623,2
345,14951,CZ0325,559075.0,Kralovice,3460.0,49.9821441,13.4867337,181121379,Plzeň,49.745774,13.36506,27.69232317845664,2391,2
346,15137,CZ0325,559075.0,Kralovice,3460.0,49.9821441,13.4867337,69272,Rakovník,50.102083,13.737641,22.336369215833685,2368,2
347,15138,CZ0325,559075.0,Kralovice,3460.0,49.9821441,13.4867337,68951,Rakovník,50.104328,13.732979,22.221612854090267,2390,2
348,15141,CZ0325,559075.0,Kralovice,3460.0,49.9821441,13.4867337,69167,Rakovník,50.102083,13.737641,22.336369215833685,2368,2
349,15148,CZ0325,559075.0,Kralovice,3460.0,49.9821441,13.4867337,7820186,Rakovník,50.103607,13.720325,21.463204759497305,2403,2
350,15184,CZ0325,559075.0,Kralovice,3460.0,49.9821441,13.4867337,18380824,Podbořany,50.226557,13.403849,27.81295297368562,2105,2
351,15733,CZ0325,559491.0,Tlučná,3293.0,49.7253486,13.240093,49778137,Plzeň,49.742957,13.334314,7.048980851635305,599,2
352,15734,CZ0325,559491.0,Tlučná,3293.0,49.7253486,13.240093,574406,Plzeň,49.725431,13.363246,8.852519009367018,1022,2
353,15735,CZ0325,559491.0,Tlučná,3293.0,49.7253486,13.240093,49774301,Plzeň,49.732541,13.404855,11.869568403003072,1346,2
354,15736,CZ0325,559491.0,Tlučná,3293.0,49.7253486,13.240093,49778099,Plzeň,49.741813,13.373587,9.767339177230172,1002,2
355,15737,CZ0325,559491.0,Tlučná,3293.0,49.7253486,13.240093,49778102,Plzeň,49.751505,13.413613,12.80435340360726,1233,2
356,15738,CZ0325,559491.0,Tlučná,3293.0,49.7253486,13.240093,49778145,Plzeň,49.739551,13.387443,10.707409167003997,1064,2
357,15739,CZ0325,559491.0,Tlučná,3293.0,49.7253486,13.240093,49778161,Plzeň,49.741232,13.372985,9.712944890369805,939,2
358,15740,CZ0325,559491.0,Tlučná,3293.0,49.7253486,13.240093,520152,Plzeň,49.742189,13.366755,9.293780386328589,859,2
359,15741,CZ0325,559491.0,Tlučná,3293.0,49.7253486,13.240093,49775961,Plzeň,49.770902,13.370677,10.662291224742868,1204,2
360,15742,CZ0325,559491.0,Tlučná,3293.0,49.7253486,13.240093,49776541,Plzeň,49.729175,13.371946,9.487069877301282,944,2
361,15743,CZ0325,559491.0,Tlučná,3293.0,49.7253486,13.240093,110037545,Plzeň,49.758271,13.339468,8.024569274089695,918,2
362,15744,CZ0325,559491.0,Tlučná,3293.0,49.7253486,13.240093,49777149,Plzeň,49.75016,13.37876,10.340014037953368,885,2
363,15745,CZ0325,559491.0,Tlučná,3293.0,49.7253486,13.240093,49778064,Plzeň,49.73772,13.37167,9.5563826434028,1056,2
364,15746,CZ0325,559491.0,Tlučná,3293.0,49.7253486,13.240093,108005631,Blovice,49.582334,13.532377,26.37444377486423,2081,2
365,15747,CZ0325,559491.0,Tlučná,3293.0,49.7253486,13.240093,108005623,Plzeň,49.738348,13.396255,11.316476547439512,1170,2
366,15748,CZ0325,559491.0,Tlučná,3293.0,49.7253486,13.240093,108032060,Plasy,49.933261,13.381501,25.245978323890053,2447,2
367,15749,CZ0325,559491.0,Tlučná,3293.0,49.7253486,13.240093,479322,Rokycany,49.746143,13.600718,26.019922949210198,1748,2
368,15750,CZ0325,559491.0,Tlučná,3293.0,49.7253486,13.240093,102100675,Stříbro,49.759561,13.000928,17.60168929225353,1565,2
369,15751,CZ0325,559491.0,Tlučná,3293.0,49.7253486,13.240093,77348,Stříbro,49.754141,12.997562,17.72013157545226,1503,2
370,15752,CZ0325,559491.0,Tlučná,3293.0,49.7253486,13.240093,523925,Plzeň,49.741343,13.375324,9.88049815429514,965,2
371,15754,CZ0325,559491.0,Tlučná,3293.0,49.7253486,13.240093,110100549,Plzeň,49.76905,13.360222,9.905162971343543,1240,2
372,15755,CZ0325,559491.0,Tlučná,3293.0,49.7253486,13.240093,110100590,Plzeň,49.742957,13.334314,7.048980851635305,599,2
373,15756,CZ0325,559491.0,Tlučná,3293.0,49.7253486,13.240093,181121379,Plzeň,49.745774,13.36506,9.263757241128648,808,2
374,16530,CZ0321,553425.0,Domažlice,11056.0,49.4407069,12.9298338,48342912,Domažlice,49.441922,12.92566,0.3306405096772178,154,3
375,16531,CZ0321,553425.0,Domažlice,11056.0,49.4407069,12.9298338,48342939,Domažlice,49.444659,12.921506,0.7454153112610377,220,3
376,16532,CZ0321,553425.0,Domažlice,11056.0,49.4407069,12.9298338,18230083,Domažlice,49.448316,12.933446,0.8854808679380253,233,3
377,16533,CZ0321,553425.0,Domažlice,11056.0,49.4407069,12.9298338,76996,Klatovy,49.39138,13.299009,27.263259830654587,2257,3
378,16534,CZ0321,553425.0,Domažlice,11056.0,49.4407069,12.9298338,77143,Klatovy,49.401197,13.285167,26.07471623160703,2116,3
379,16536,CZ0321,553425.0,Domažlice,11056.0,49.4407069,12.9298338,77232,Klatovy,49.394499,13.295734,26.96217639603578,2152,3
380,16537,CZ0321,553425.0,Domažlice,11056.0,49.4407069,12.9298338,77313,Klatovy,49.390677,13.300219,27.364978168166164,2240,3
381,17335,CZ0322,555771.0,Klatovy,22140.0,49.3951183,13.2935954,48342912,Domažlice,49.441922,12.92566,27.11886019244856,2149,3
382,17336,CZ0322,555771.0,Klatovy,22140.0,49.3951183,13.2935954,48342939,Domažlice,49.444659,12.921506,27.47248333153014,2214,3
383,17337,CZ0322,555771.0,Klatovy,22140.0,49.3951183,13.2935954,18230083,Domažlice,49.448316,12.933446,26.7130696549539,2186,3
384,17338,CZ0322,555771.0,Klatovy,22140.0,49.3951183,13.2935954,76996,Klatovy,49.39138,13.299009,0.5712229795902843,163,3
385,17339,CZ0322,555771.0,Klatovy,22140.0,49.3951183,13.2935954,77143,Klatovy,49.401197,13.285167,0.910428458363375,224,3
386,17340,CZ0322,555771.0,Klatovy,22140.0,49.3951183,13.2935954,77003,Sušice,49.234701,13.521241,24.299851932080497,1869,3
387,17341,CZ0322,555771.0,Klatovy,22140.0,49.3951183,13.2935954,77232,Klatovy,49.394499,13.295734,0.1694000836636291,23,3
388,17342,CZ0322,555771.0,Klatovy,22140.0,49.3951183,13.2935954,77313,Klatovy,49.390677,13.300219,0.6882486420664835,137,3
389,17356,CZ0322,555771.0,Klatovy,22140.0,49.3951183,13.2935954,108005631,Blovice,49.582334,13.532377,27.034200022540663,2309,3
390,17738,CZ0322,557153.0,Sušice,10957.0,49.2313907,13.5204076,108004481,Vimperk,49.053406,13.772347,26.973022436501235,2331,3
391,17740,CZ0322,557153.0,Sušice,10957.0,49.2313907,13.5204076,60650443,Strakonice,49.265425,13.893624,27.35332325756541,2337,3
392,17756,CZ0322,557153.0,Sušice,10957.0,49.2313907,13.5204076,60650494,Volyně,49.1717,13.885104,27.315598876891475,2552,3
393,18143,CZ0322,557153.0,Sušice,10957.0,49.2313907,13.5204076,76996,Klatovy,49.39138,13.299009,23.96005515163553,1929,3
394,18144,CZ0322,557153.0,Sušice,10957.0,49.2313907,13.5204076,77143,Klatovy,49.401197,13.285167,25.44158986974887,2116,3
395,18145,CZ0322,557153.0,Sušice,10957.0,49.2313907,13.5204076,77003,Sušice,49.234701,13.521241,0.3730298501522848,115,3
396,18146,CZ0322,557153.0,Sušice,10957.0,49.2313907,13.5204076,77232,Klatovy,49.394499,13.295734,24.376316831266774,1973,3
397,18147,CZ0322,557153.0,Sušice,10957.0,49.2313907,13.5204076,77313,Klatovy,49.390677,13.300219,23.843336666261585,1912,3
398,18953,CZ0326,559717.0,Rokycany,14313.0,49.742111,13.596361,49778137,Plzeň,49.742957,13.334314,18.83010157092471,1621,3
399,18954,CZ0326,559717.0,Rokycany,14313.0,49.742111,13.596361,574406,Plzeň,49.725431,13.363246,16.8562825263794,1406,3
400,18955,CZ0326,559717.0,Rokycany,14313.0,49.742111,13.596361,49774301,Plzeň,49.732541,13.404855,13.803573283224436,1161,3
401,18956,CZ0326,559717.0,Rokycany,14313.0,49.742111,13.596361,49778099,Plzeň,49.741813,13.373587,16.00805860145338,1330,3
402,18957,CZ0326,559717.0,Rokycany,14313.0,49.742111,13.596361,49778102,Plzeň,49.751505,13.413613,13.172021769831504,1003,3
403,18958,CZ0326,559717.0,Rokycany,14313.0,49.742111,13.596361,49778145,Plzeň,49.739551,13.387443,15.01541330607924,1196,3
404,18959,CZ0326,559717.0,Rokycany,14313.0,49.742111,13.596361,49778161,Plzeň,49.741232,13.372985,16.051676285970313,1352,3
405,18960,CZ0326,559717.0,Rokycany,14313.0,49.742111,13.596361,520152,Plzeň,49.742189,13.366755,16.498893993975337,1405,3
406,18961,CZ0326,559717.0,Rokycany,14313.0,49.742111,13.596361,49775961,Plzeň,49.770902,13.370677,16.525334493620754,1566,3
407,18962,CZ0326,559717.0,Rokycany,14313.0,49.742111,13.596361,49776541,Plzeň,49.729175,13.371946,16.192060103143167,1378,3
408,18963,CZ0326,559717.0,Rokycany,14313.0,49.742111,13.596361,110037545,Plzeň,49.758271,13.339468,18.543869395805277,1488,3
409,18964,CZ0326,559717.0,Rokycany,14313.0,49.742111,13.596361,49777149,Plzeň,49.75016,13.37876,15.660555671933954,1183,3
410,18965,CZ0326,559717.0,Rokycany,14313.0,49.742111,13.596361,49778064,Plzeň,49.73772,13.37167,16.153836985657698,1339,3
411,18966,CZ0326,559717.0,Rokycany,14313.0,49.742111,13.596361,108005631,Blovice,49.582334,13.532377,18.353588935951013,1683,3
412,18967,CZ0326,559717.0,Rokycany,14313.0,49.742111,13.596361,108005623,Plzeň,49.738348,13.396255,14.385755232575724,1231,3
413,18968,CZ0326,559717.0,Rokycany,14313.0,49.742111,13.596361,108032060,Plasy,49.933261,13.381501,26.252700581430144,2656,3
414,18969,CZ0326,559717.0,Rokycany,14313.0,49.742111,13.596361,479322,Rokycany,49.746143,13.600718,0.5468275281452325,209,3
415,18972,CZ0326,559717.0,Rokycany,14313.0,49.742111,13.596361,523925,Plzeň,49.741343,13.375324,15.883514097661172,1303,3
416,18974,CZ0326,559717.0,Rokycany,14313.0,49.742111,13.596361,110100549,Plzeň,49.76905,13.360222,17.22608254279667,1676,3
417,18975,CZ0326,559717.0,Rokycany,14313.0,49.742111,13.596361,110100590,Plzeň,49.742957,13.334314,18.83010157092471,1621,3
418,18976,CZ0326,559717.0,Rokycany,14313.0,49.742111,13.596361,181121379,Plzeň,49.745774,13.36506,16.62506603305608,1385,3
419,19113,CZ0326,559717.0,Rokycany,14313.0,49.742111,13.596361,47558458,Hořovice,49.835236,13.906828,24.575981935496056,1753,3
420,19115,CZ0326,559717.0,Rokycany,14313.0,49.742111,13.596361,47558504,Hořovice,49.836617,13.902164,24.3383677040213,1705,3
421,19465,CZ0327,560715.0,Tachov,13072.0,49.7955449,12.6329861,478423,Mariánské Lázně,49.973212,12.701645,20.35893293902795,1677,3
422,19482,CZ0327,560715.0,Tachov,13072.0,49.7955449,12.6329861,151011494,Mariánské Lázně,50.00406,12.702094,23.70830631602101,1979,3
423,19775,CZ0327,560715.0,Tachov,13072.0,49.7955449,12.6329861,102100675,Stříbro,49.759561,13.000928,26.721304253375884,1771,3
424,19776,CZ0327,560715.0,Tachov,13072.0,49.7955449,12.6329861,77348,Stříbro,49.754141,12.997562,26.58153653279439,1711,3
425,19778,CZ0327,560715.0,Tachov,13072.0,49.7955449,12.6329861,520110,Tachov,49.802054,12.605744,2.0849225912269493,296,3
